<?xml version="1.0" encoding="UTF-8"?>
<config date="1645412112314" transient="false">
	<site updateable="true" url="platform:/base/" enabled="true" policy="USER-EXCLUDE">
		<feature id="org.genivi.commonapi.console.feature" version="3.2.0.v202112300154" url="features/org.genivi.commonapi.console.feature_3.2.0.v202112300154/">
		</feature>
		<feature id="org.genivi.commonapi.someip.cli.feature" version="3.2.0.v202202210243" url="features/org.genivi.commonapi.someip.cli.feature_3.2.0.v202202210243/">
		</feature>
		<feature id="org.genivi.commonapi.console.franca.feature" version="3.2.0.v202112300154" url="features/org.genivi.commonapi.console.franca.feature_3.2.0.v202112300154/">
		</feature>
	</site>
</config>
